{
    "loss": 4.505309104919434,
    "accuracy": 0.5035971403121948
}