{
    "loss": 8.85055923461914,
    "accuracy": 0.5035971403121948
}