{
    "loss": 1.3946393728256226,
    "accuracy": 0.9064748287200928
}